{"cameraMode":{"drawMode":0,"name":"Shaded","section":"Shading Mode"},"sceneLighting":false,"audioPlay":false,"sceneViewState":{"m_AlwaysRefresh":false,"showFog":true,"showSkybox":false,"showFlares":true,"showImageEffects":true,"showParticleSystems":true,"showVisualEffectGraphs":true,"m_FxEnabled":false},"in2DMode":false,"pivot":{"x":101.01543426513672,"y":0.4707149863243103,"z":84.59967803955078},"rotation":{"x":0.00896403193473816,"y":0.8806125521659851,"z":-0.4729395806789398,"w":0.004854853264987469},"size":9.676201820373536,"orthographic":false}