{"cameraMode":{"drawMode":0,"name":"Shaded","section":"Shading Mode"},"sceneLighting":true,"audioPlay":false,"sceneViewState":{"m_AlwaysRefresh":false,"showFog":true,"showSkybox":false,"showFlares":true,"showImageEffects":true,"showParticleSystems":true,"showVisualEffectGraphs":true,"m_FxEnabled":false},"in2DMode":false,"pivot":{"x":12.371176719665528,"y":0.45592981576919558,"z":54.68988037109375},"rotation":{"x":-0.09362666308879852,"y":0.015798071399331094,"z":-0.006331916898488998,"w":-0.9949950575828552},"size":5.528817653656006,"orthographic":false}