{"cameraMode":{"drawMode":0,"name":"Shaded","section":"Shading Mode"},"sceneLighting":false,"audioPlay":false,"sceneViewState":{"m_AlwaysRefresh":false,"showFog":true,"showSkybox":false,"showFlares":true,"showImageEffects":true,"showParticleSystems":true,"showVisualEffectGraphs":true,"m_FxEnabled":true},"in2DMode":false,"pivot":{"x":-0.7463155388832092,"y":0.3299999237060547,"z":-0.21200776100158692},"rotation":{"x":-0.003161027794703841,"y":-0.801558792591095,"z":0.5978065133094788,"w":-0.004370787180960178},"size":0.814551830291748,"orthographic":false}