{"cameraMode":{"drawMode":0,"name":"Shaded","section":"Shading Mode"},"sceneLighting":false,"audioPlay":false,"sceneViewState":{"m_AlwaysRefresh":false,"showFog":true,"showSkybox":false,"showFlares":true,"showImageEffects":true,"showParticleSystems":true,"showVisualEffectGraphs":true,"m_FxEnabled":false},"in2DMode":false,"pivot":{"x":232.75242614746095,"y":1.9477813243865967,"z":13.368703842163086},"rotation":{"x":0.11271663755178452,"y":0.6478047966957092,"z":-0.09032145887613297,"w":0.7474884986877441},"size":2.6180524826049806,"orthographic":false}