{"cameraMode":{"drawMode":0,"name":"Shaded","section":"Shading Mode"},"sceneLighting":false,"audioPlay":false,"sceneViewState":{"m_AlwaysRefresh":false,"showFog":true,"showSkybox":false,"showFlares":true,"showImageEffects":true,"showParticleSystems":true,"showVisualEffectGraphs":true,"m_FxEnabled":true},"in2DMode":false,"pivot":{"x":-1.2815896272659302,"y":-2.9802322387695315e-8,"z":-0.21973904967308045},"rotation":{"x":-0.003161027794703841,"y":-0.801558792591095,"z":0.5978065133094788,"w":-0.004370787180960178},"size":1.3822299242019654,"orthographic":false}