{"cameraMode":{"drawMode":0,"name":"Shaded","section":"Shading Mode"},"sceneLighting":false,"audioPlay":false,"sceneViewState":{"m_AlwaysRefresh":false,"showFog":true,"showSkybox":false,"showFlares":true,"showImageEffects":true,"showParticleSystems":true,"showVisualEffectGraphs":true,"m_FxEnabled":true},"in2DMode":false,"pivot":{"x":101.59552764892578,"y":3.497795820236206,"z":87.24493408203125},"rotation":{"x":0.0002651278336998075,"y":0.9229617118835449,"z":-0.38458606600761416,"w":0.001495971460826695},"size":7.454484939575195,"orthographic":false}