{"cameraMode":{"drawMode":0,"name":"Shaded","section":"Shading Mode"},"sceneLighting":false,"audioPlay":false,"sceneViewState":{"m_AlwaysRefresh":false,"showFog":true,"showSkybox":false,"showFlares":true,"showImageEffects":true,"showParticleSystems":true,"showVisualEffectGraphs":true,"m_FxEnabled":false},"in2DMode":false,"pivot":{"x":212.93348693847657,"y":-0.30059385299682619,"z":23.273893356323243},"rotation":{"x":0.07212339341640473,"y":0.8012744784355164,"z":-0.08922646939754486,"w":0.5865480899810791},"size":12.14058780670166,"orthographic":false}