{"cameraMode":{"drawMode":0,"name":"Shaded","section":"Shading Mode"},"sceneLighting":false,"audioPlay":false,"sceneViewState":{"m_AlwaysRefresh":false,"showFog":true,"showSkybox":false,"showFlares":true,"showImageEffects":true,"showParticleSystems":true,"showVisualEffectGraphs":true,"m_FxEnabled":false},"in2DMode":false,"pivot":{"x":12.031123161315918,"y":0.8755505084991455,"z":8.780252456665039},"rotation":{"x":0.033280886709690097,"y":-0.8849204182624817,"z":0.07653148472309113,"w":0.45736756920814516},"size":8.59677791595459,"orthographic":false}