{"cameraMode":{"drawMode":0,"name":"Shaded","section":"Shading Mode"},"sceneLighting":true,"audioPlay":false,"sceneViewState":{"m_AlwaysRefresh":false,"showFog":true,"showSkybox":false,"showFlares":true,"showImageEffects":true,"showParticleSystems":true,"showVisualEffectGraphs":true,"m_FxEnabled":false},"in2DMode":false,"pivot":{"x":305.8155517578125,"y":-0.28660741448402407,"z":78.12844848632813},"rotation":{"x":0.09684590250253678,"y":-0.11659280210733414,"z":0.017142562195658685,"w":0.9878152012825012},"size":8.103480339050293,"orthographic":false}