{"cameraMode":{"drawMode":0,"name":"Shaded","section":"Shading Mode"},"sceneLighting":false,"audioPlay":false,"sceneViewState":{"m_AlwaysRefresh":false,"showFog":true,"showSkybox":false,"showFlares":true,"showImageEffects":true,"showParticleSystems":true,"showVisualEffectGraphs":true,"m_FxEnabled":true},"in2DMode":false,"pivot":{"x":111.38941955566406,"y":-0.37464308738708498,"z":89.43443298339844},"rotation":{"x":-0.00560460239648819,"y":-0.5153465867042542,"z":0.8568332195281982,"w":-0.0034466483630239965},"size":1.2671934366226197,"orthographic":false}