{"cameraMode":{"drawMode":0,"name":"Shaded","section":"Shading Mode"},"sceneLighting":false,"audioPlay":false,"sceneViewState":{"m_AlwaysRefresh":false,"showFog":true,"showSkybox":false,"showFlares":true,"showImageEffects":true,"showParticleSystems":true,"showVisualEffectGraphs":true,"m_FxEnabled":true},"in2DMode":false,"pivot":{"x":-1.1985986232757569,"y":-2.9802322387695315e-8,"z":-0.20282676815986634},"rotation":{"x":0.0007617073715664446,"y":-0.9991574287414551,"z":0.021293804049491884,"w":0.033589862287044528},"size":1.3220980167388917,"orthographic":false}