{"cameraMode":{"drawMode":0,"name":"Shaded","section":"Shading Mode"},"sceneLighting":true,"audioPlay":false,"sceneViewState":{"m_AlwaysRefresh":false,"showFog":true,"showSkybox":false,"showFlares":true,"showImageEffects":true,"showParticleSystems":true,"showVisualEffectGraphs":true,"m_FxEnabled":false},"in2DMode":false,"pivot":{"x":53.52035903930664,"y":-50.798404693603519,"z":279.75347900390627},"rotation":{"x":-0.18988963961601258,"y":-0.09100113809108734,"z":0.011399787850677967,"w":-0.9770252108573914},"size":86.51300048828125,"orthographic":false}