{"cameraMode":{"drawMode":0,"name":"Shaded","section":"Shading Mode"},"sceneLighting":true,"audioPlay":false,"sceneViewState":{"m_AlwaysRefresh":false,"showFog":true,"showSkybox":false,"showFlares":true,"showImageEffects":true,"showParticleSystems":true,"showVisualEffectGraphs":true,"m_FxEnabled":false},"in2DMode":false,"pivot":{"x":96.45309448242188,"y":14.752994537353516,"z":299.94427490234377},"rotation":{"x":0.04422249644994736,"y":-0.23725557327270509,"z":-0.01726941205561161,"w":-0.9698320031166077},"size":102.98255157470703,"orthographic":false}