{"cameraMode":{"drawMode":0,"name":"Shaded","section":"Shading Mode"},"sceneLighting":false,"audioPlay":false,"sceneViewState":{"m_AlwaysRefresh":false,"showFog":true,"showSkybox":false,"showFlares":true,"showImageEffects":true,"showParticleSystems":true,"showVisualEffectGraphs":true,"m_FxEnabled":true},"in2DMode":false,"pivot":{"x":97.50885772705078,"y":17.269344329833986,"z":93.37908172607422},"rotation":{"x":-0.005177598912268877,"y":0.844031035900116,"z":-0.5360159873962402,"w":-0.007392081897705793},"size":15.081807136535645,"orthographic":false}