{"cameraMode":{"drawMode":0,"name":"Shaded","section":"Shading Mode"},"sceneLighting":false,"audioPlay":false,"sceneViewState":{"m_AlwaysRefresh":false,"showFog":true,"showSkybox":false,"showFlares":true,"showImageEffects":true,"showParticleSystems":true,"showVisualEffectGraphs":true,"m_FxEnabled":true},"in2DMode":false,"pivot":{"x":101.56330871582031,"y":-0.9185056686401367,"z":78.09979248046875},"rotation":{"x":-0.003087699878960848,"y":-0.9932906627655029,"z":0.11102404445409775,"w":-0.028909023851156236},"size":10.664051055908204,"orthographic":false}