{"cameraMode":{"drawMode":0,"name":"Shaded","section":"Shading Mode"},"sceneLighting":false,"audioPlay":false,"sceneViewState":{"m_AlwaysRefresh":false,"showFog":true,"showSkybox":false,"showFlares":true,"showImageEffects":true,"showParticleSystems":true,"showVisualEffectGraphs":true,"m_FxEnabled":true},"in2DMode":false,"pivot":{"x":-0.34699466824531557,"y":2.475172519683838,"z":0.12073361873626709},"rotation":{"x":-0.0039025454316288234,"y":-0.6445212364196777,"z":0.7644449472427368,"w":-0.003250685054808855},"size":1.6306724548339844,"orthographic":false}