{"cameraMode":{"drawMode":0,"name":"Shaded","section":"Shading Mode"},"sceneLighting":false,"audioPlay":false,"sceneViewState":{"m_AlwaysRefresh":false,"showFog":true,"showSkybox":false,"showFlares":true,"showImageEffects":true,"showParticleSystems":true,"showVisualEffectGraphs":true,"m_FxEnabled":false},"in2DMode":false,"pivot":{"x":105.93669128417969,"y":0.7113887667655945,"z":83.70252990722656},"rotation":{"x":0.00896403193473816,"y":0.8806125521659851,"z":-0.4729395806789398,"w":0.004854853264987469},"size":8.618888854980469,"orthographic":false}