{"cameraMode":{"drawMode":0,"name":"Shaded","section":"Shading Mode"},"sceneLighting":false,"audioPlay":false,"sceneViewState":{"m_AlwaysRefresh":false,"showFog":true,"showSkybox":false,"showFlares":true,"showImageEffects":true,"showParticleSystems":true,"showVisualEffectGraphs":true,"m_FxEnabled":false},"in2DMode":false,"pivot":{"x":897.5546264648438,"y":1941.0020751953125,"z":1424.1932373046875},"rotation":{"x":0.032965242862701419,"y":0.9686149954795837,"z":-0.20818066596984864,"w":0.12849454581737519},"size":2.3989620208740236,"orthographic":false}